<?xml version="1.0" encoding="UTF-8"?>
<project-private xmlns="http://www.netbeans.org/ns/project-private/1">
    <editor-bookmarks xmlns="http://www.netbeans.org/ns/editor-bookmarks/2" lastBookmarkId="0"/>
    <open-files xmlns="http://www.netbeans.org/ns/projectui-open-files/2">
        <group>
            <file>file:/D:/0000000/phpStudy/WWW/book/app/Http/routes.php</file>
            <file>file:/D:/0000000/phpStudy/WWW/book/app/Http/Controllers/Home/IndexController.php</file>
            <file>file:/D:/0000000/phpStudy/WWW/book/resources/views/home/index.blade.php</file>
            <file>file:/D:/0000000/phpStudy/WWW/book/resources/views/layout/home.blade.php</file>
            <file>file:/D:/0000000/phpStudy/WWW/book/app/Http/Controllers/Home/PosterController.php</file>
            <file>file:/D:/0000000/phpStudy/WWW/book/resources/views/home/content.blade.php</file>
            <file>file:/D:/0000000/phpStudy/WWW/book/resources/views/home/forum/fatie.blade.php</file>
            <file>file:/D:/0000000/phpStudy/WWW/book/resources/views/home/chapter.blade.php</file>
            <file>file:/D:/0000000/phpStudy/WWW/book/resources/views/home/search.blade.php</file>
            <file>file:/D:/0000000/phpStudy/WWW/book/resources/views/home/forum/item.blade.php</file>
        </group>
    </open-files>
</project-private>
