<?xml version="1.0" encoding="UTF-8"?>
<project-private xmlns="http://www.netbeans.org/ns/project-private/1">
    <editor-bookmarks xmlns="http://www.netbeans.org/ns/editor-bookmarks/2" lastBookmarkId="0"/>
    <open-files xmlns="http://www.netbeans.org/ns/projectui-open-files/2">
        <group>
            <file>file:/D:/0000000/phpStudy/WWW/book/app/Http/routes.php</file>
            <file>file:/D:/0000000/phpStudy/WWW/book/app/Http/Controllers/Home/NovelController.php</file>
            <file>file:/D:/0000000/phpStudy/WWW/book/app/Http/Controllers/Home/IndexController.php</file>
            <file>file:/D:/0000000/phpStudy/WWW/book/app/Http/Controllers/Admin/IndexController.php</file>
            <file>file:/D:/0000000/phpStudy/WWW/book/app/Http/Controllers/Admin/NovelController.php</file>
            <file>file:/D:/0000000/phpStudy/WWW/book/resources/views/admin/user_list.blade.php</file>
            <file>file:/D:/0000000/phpStudy/WWW/book/app/Http/Controllers/Admin/UserController.php</file>
            <file>file:/D:/0000000/phpStudy/WWW/book/resources/views/admin/user_info.blade.php</file>
            <file>file:/D:/0000000/phpStudy/WWW/book/resources/views/home/index.blade.php</file>
            <file>file:/D:/0000000/phpStudy/WWW/book/resources/views/home/author/set.blade.php</file>
            <file>file:/D:/0000000/phpStudy/WWW/book/resources/views/admin/book_list.blade.php</file>
            <file>file:/D:/0000000/phpStudy/WWW/book/app/Providers/AppServiceProvider.php</file>
            <file>file:/D:/0000000/phpStudy/WWW/book/resources/views/admin/admin_list.blade.php</file>
            <file>file:/D:/0000000/phpStudy/WWW/book/resources/views/admin/index.blade.php</file>
        </group>
    </open-files>
</project-private>
